id,name,country,region,latitude,longitude,destination_type,rarity_score,fauna,experiences,accommodation,context_tags,best_months,keywords_pt,keywords_en,keywords_es,keywords_fr,keywords_hi,keywords_zh,keywords_ar,keywords_ru
tofo-moz,Tofo Beach,Mozambique,Inhambane,-23.8544,35.5436,beach,9,whale_shark|manta_ray|whale|dolphin|sea_turtle,scuba_diving|snorkeling|marine_safari|wildlife|unique_biome,eco_lodge|glamping,off_beaten_path|value_for_money|bucket_list|authentic,Oct|Nov|Dec|Jan|Feb|Mar,"Tubarão-baleia, Arraia-manta, Baleia, Golfinho, Tartaruga marinha, Mergulho, Snorkel, Safári marinho, Vida selvagem, Bioma único, Eco lodge, Glamping, Fora do radar, Custo-benefício, Imperdível, Autêntico","Whale Shark, Manta Ray, Whale, Dolphin, Sea Turtle, Scuba Diving, Snorkeling, Marine Safari, Wildlife, Unique biome, Eco Lodge, Glamping, Off the beaten path, Value for money, Bucket List, Authentic","Tiburón ballena, Manta, Ballena, Delfín, Tortuga marina, Buceo, Snorkel, Safari marino, Vida salvaje, Bioma único, Eco lodge, Glamping, Poco turístico, Buena relación precio, Lista de deseos, Auténtico","Requin-baleine, Raie manta, Baleine, Dauphin, Tortue de mer, Plongée, Snorkeling, Safari marin, Faune sauvage, Biome unique, Éco-lodge, Glamping, Hors des sentiers battus, Bon rapport qualité-prix, À faire absolument, Authentique","व्हेल शार्क, मंटा रे, व्हेल, डॉल्फ़िन, समुद्री कछुआ, स्कूबा डाइविंग, स्नॉर्कलिंग, समुद्री सफारी, वन्यजीव, अनोखा जैव क्षेत्र, इको लॉज, ग्लैम्पिंग, कम भीड़, मूल्य-लाभ, अवश्य देखें, प्रामाणिक","鲸鲨, 蝠鲼, 鲸鱼, 海豚, 海龟, 潜水, 浮潜, 海洋野生动物, 野生动物, 独特生物群系, 生态旅馆, 豪华露营, 小众目的地, 性价比, 必去, 原生态","قرش الحوت, مانتا راي, حوت, دلفين, سلحفاة بحرية, غوص, غطس سطحي, سفاري بحري, الحياة البرية, نظام بيئي فريد, نزل بيئي, تخييم فاخر, خارج المسار, قيمة مقابل السعر, قائمة الأمنيات, أصيل","Китовая акула, Манта, Кит, Дельфин, Морская черепаха, Дайвинг, Снорклинг, Морское сафари, Дикая природа, Уникальный биом, Эко-лодж, Глэмпинг, Вне туристических троп, Цена-качество, Обязательно посетить, Аутентичный"
raja-ampat-idn,Raja Ampat,Indonesia,West Papua,-0.5,130.5,island,10,manta_ray|whale_shark|sea_turtle|dolphin,scuba_diving|snorkeling|coral_reef|unique_biome|wildlife,eco_lodge|overwater_bungalow,bucket_list|exclusive|hidden_gem|sustainable,Oct|Nov|Dec|Jan|Feb|Mar|Apr,"Arraia-manta, Tubarão-baleia, Tartaruga marinha, Golfinho, Mergulho, Snorkel, Recife de coral, Bioma único, Vida selvagem, Eco lodge, Bangalô sobre água, Imperdível, Exclusivo, Joia escondida, Sustentável","Manta Ray, Whale Shark, Sea Turtle, Dolphin, Scuba Diving, Snorkeling, Coral Reef, Unique biome, Wildlife, Eco Lodge, Overwater Bungalow, Bucket List, Exclusive, Hidden Gem, Sustainable","Manta, Tiburón ballena, Tortuga marina, Delfín, Buceo, Snorkel, Arrecife de coral, Bioma único, Vida salvaje, Eco lodge, Bungalow sobre el agua, Lista de deseos, Exclusivo, Joya oculta, Sostenible","Raie manta, Requin-baleine, Tortue de mer, Dauphin, Plongée, Snorkeling, Récif corallien, Biome unique, Faune sauvage, Éco-lodge, Bungalow sur pilotis, À faire absolument, Exclusif, Perle cachée, Durable","मंटा रे, व्हेल शार्क, समुद्री कछुआ, डॉल्फ़िन, स्कूबा डाइविंग, स्नॉर्कलिंग, मूंगे की चट्टान, अनोखा जैव क्षेत्र, वन्यजीव, इको लॉज, पानी पर बंगला, अवश्य देखें, विशिष्ट, छिपा हुआ रत्न, टिकाऊ","蝠鲼, 鲸鲨, 海龟, 海豚, 潜水, 浮潜, 珊瑚礁, 独特生物群系, 野生动物, 生态旅馆, 水上屋, 必去, 独特, 隐藏的宝石, 可持续","مانتا راي, قرش الحوت, سلحفاة بحرية, دلفين, غوص, غطس سطحي, شعاب مرجانية, نظام بيئي فريد, الحياة البرية, نزل بيئي, بنغل فوق الماء, قائمة الأمنيات, حصري, جوهرة مخفية, مستدام","Манта, Китовая акула, Морская черепаха, Дельфин, Дайвинг, Снорклинг, Коралловый риф, Уникальный биом, Дикая природа, Эко-лодж, Бунгало над водой, Обязательно посетить, Эксклюзивный, Скрытая жемчужина, Экологичный"
komodo-idn,Komodo National Park,Indonesia,East Nusa Tenggara,-8.55,119.4833,island,9,komodo_dragon|manta_ray|dolphin|sea_turtle,wildlife|scuba_diving|snorkeling|trekking|unique_biome,eco_lodge,bucket_list|adventure|authentic,Apr|May|Jun|Jul|Aug|Sep,"Dragão de Komodo, Arraia-manta, Golfinho, Tartaruga marinha, Vida selvagem, Mergulho, Snorkel, Trekking, Bioma único, Eco lodge, Imperdível, Aventura, Autêntico","Komodo Dragon, Manta Ray, Dolphin, Sea Turtle, Wildlife, Scuba Diving, Snorkeling, Trekking, Unique biome, Eco Lodge, Bucket List, Adventure, Authentic","Dragón de Komodo, Manta, Delfín, Tortuga marina, Vida salvaje, Buceo, Snorkel, Senderismo, Bioma único, Eco lodge, Lista de deseos, Aventura, Auténtico","Dragon de Komodo, Raie manta, Dauphin, Tortue de mer, Faune sauvage, Plongée, Snorkeling, Randonnée, Biome unique, Éco-lodge, À faire absolument, Aventure, Authentique","कोमोडो ड्रैगन, मंटा रे, डॉल्फ़िन, समुद्री कछुआ, वन्यजीव, स्कूबा डाइविंग, स्नॉर्कलिंग, ट्रेकिंग, अनोखा जैव क्षेत्र, इको लॉज, अवश्य देखें, साहसिक, प्रामाणिक","科莫多龙, 蝠鲼, 海豚, 海龟, 野生动物, 潜水, 浮潜, 徒步旅行, 独特生物群系, 生态旅馆, 必去, 冒险, 原生态","تنين كومودو, مانتا راي, دلفين, سلحفاة بحرية, الحياة البرية, غوص, غطس سطحي, المشي لمسافات طويلة, نظام بيئي فريد, نزل بيئي, قائمة الأمنيات, مغامرة, أصيل","Комодский варан, Манта, Дельфин, Морская черепаха, Дикая природа, Дайвинг, Снорклинг, Треккинг, Уникальный биом, Эко-лодж, Обязательно посетить, Приключение, Аутентичный"
socorro-mex,Revillagigedo (Socorro),Mexico,Pacific Ocean,18.75,-110.95,island,10,whale_shark|manta_ray|whale|dolphin,scuba_diving|marine_safari|wildlife|unique_biome,eco_lodge,exclusive|bucket_list|remote|adventure,Nov|Dec|Jan|Feb|Mar|Apr|May,"Tubarão-baleia, Arraia-manta, Baleia, Golfinho, Mergulho, Safári marinho, Vida selvagem, Bioma único, Eco lodge, Exclusivo, Imperdível, Remoto, Aventura","Whale Shark, Manta Ray, Whale, Dolphin, Scuba Diving, Marine Safari, Wildlife, Unique biome, Eco Lodge, Exclusive, Bucket List, Remote, Adventure","Tiburón ballena, Manta, Ballena, Delfín, Buceo, Safari marino, Vida salvaje, Bioma único, Eco lodge, Exclusivo, Lista de deseos, Remoto, Aventura","Requin-baleine, Raie manta, Baleine, Dauphin, Plongée, Safari marin, Faune sauvage, Biome unique, Éco-lodge, Exclusif, À faire absolument, Isolé, Aventure","व्हेल शार्क, मंटा रे, व्हेल, डॉल्फ़िन, स्कूबा डाइविंग, समुद्री सफारी, वन्यजीव, अनोखा जैव क्षेत्र, इको लॉज, विशिष्ट, अवश्य देखें, दूरस्थ, साहसिक","鲸鲨, 蝠鲼, 鲸鱼, 海豚, 潜水, 海洋野生动物, 野生动物, 独特生物群系, 生态旅馆, 独特, 必去, 偏远, 冒险","قرش الحوت, مانتا راي, حوت, دلفين, غوص, سفاري بحري, الحياة البرية, نظام بيئي فريد, نزل بيئي, حصري, قائمة الأمنيات, نائي, مغامرة","Китовая акула, Манта, Кит, Дельфин, Дайвинг, Морское сафари, Дикая природа, Уникальный биом, Эко-лодж, Эксклюзивный, Обязательно посетить, Отдалённый, Приключение"
galapagos-ecu,Galapagos Islands,Ecuador,Pacific Ocean,-0.9538,-90.9656,island,10,whale_shark|sea_turtle|penguin|dolphin,wildlife|scuba_diving|snorkeling|unique_biome|volcano,eco_lodge,bucket_list|sustainable|exclusive|authentic,Jan|Feb|Mar|Apr|May|Jun,"Tubarão-baleia, Tartaruga marinha, Pinguim, Golfinho, Vida selvagem, Mergulho, Snorkel, Bioma único, Vulcão, Eco lodge, Imperdível, Sustentável, Exclusivo, Autêntico","Whale Shark, Sea Turtle, Penguin, Dolphin, Wildlife, Scuba Diving, Snorkeling, Unique biome, Volcano, Eco Lodge, Bucket List, Sustainable, Exclusive, Authentic","Tiburón ballena, Tortuga marina, Pingüino, Delfín, Vida salvaje, Buceo, Snorkel, Bioma único, Volcán, Eco lodge, Lista de deseos, Sostenible, Exclusivo, Auténtico","Requin-baleine, Tortue de mer, Pingouin, Dauphin, Faune sauvage, Plongée, Snorkeling, Biome unique, Volcan, Éco-lodge, À faire absolument, Durable, Exclusif, Authentique","व्हेल शार्क, समुद्री कछुआ, पेंगुइन, डॉल्फ़िन, वन्यजीव, स्कूबा डाइविंग, स्नॉर्कलिंग, अनोखा जैव क्षेत्र, ज्वालामुखी, इको लॉज, अवश्य देखें, टिकाऊ, विशिष्ट, प्रामाणिक","鲸鲨, 海龟, 企鹅, 海豚, 野生动物, 潜水, 浮潜, 独特生物群系, 火山, 生态旅馆, 必去, 可持续, 独特, 原生态","قرش الحوت, سلحفاة بحرية, بطريق, دلفين, الحياة البرية, غوص, غطس سطحي, نظام بيئي فريد, بركان, نزل بيئي, قائمة الأمنيات, مستدام, حصري, أصيل","Китовая акула, Морская черепаха, Пингвин, Дельфин, Дикая природа, Дайвинг, Снорклинг, Уникальный биом, Вулкан, Эко-лодж, Обязательно посетить, Экологичный, Эксклюзивный, Аутентичный"
masai-mara-ken,Masai Mara,Kenya,Narok County,-1.5021,35.1446,safari,9,lion|elephant|giraffe,safari|wildlife|unique_landscape|unique_biome,glamping|eco_lodge,bucket_list|authentic|adventure,Jul|Aug|Sep|Oct,"Leão, Elefante, Girafa, Safári, Vida selvagem, Paisagem única, Bioma único, Glamping, Eco lodge, Imperdível, Autêntico, Aventura","Lion, Elephant, Giraffe, Safari, Wildlife, Unique landscape, Unique biome, Glamping, Eco Lodge, Bucket List, Authentic, Adventure","León, Elefante, Jirafa, Safari, Vida salvaje, Paisaje único, Bioma único, Glamping, Eco lodge, Lista de deseos, Auténtico, Aventura","Lion, Éléphant, Girafe, Safari, Faune sauvage, Paysage unique, Biome unique, Glamping, Éco-lodge, À faire absolument, Authentique, Aventure","सिंह, हाथी, जिराफ़, सफारी, वन्यजीव, अनोखा परिदृश्य, अनोखा जैव क्षेत्र, ग्लैम्पिंग, इको लॉज, अवश्य देखें, प्रामाणिक, साहसिक","狮子, 大象, 长颈鹿, 野生动物园, 野生动物, 独特景观, 独特生物群系, 豪华露营, 生态旅馆, 必去, 原生态, 冒险","أسد, فيل, زرافة, سفاري, الحياة البرية, منظر فريد, نظام بيئي فريد, تخييم فاخر, نزل بيئي, قائمة الأمنيات, أصيل, مغامرة","Лев, Слон, Жираф, Сафари, Дикая природа, Уникальный пейзаж, Уникальный биом, Глэмпинг, Эко-лодж, Обязательно посетить, Аутентичный, Приключение"
serengeti-tza,Serengeti,Tanzania,Mara Region,-2.3333,34.8333,safari,9,lion|elephant|giraffe,safari|wildlife|unique_landscape|unique_biome,glamping|eco_lodge,bucket_list|authentic|exclusive,Jun|Jul|Aug|Sep|Oct,"Leão, Elefante, Girafa, Safári, Vida selvagem, Paisagem única, Bioma único, Glamping, Eco lodge, Imperdível, Autêntico, Exclusivo","Lion, Elephant, Giraffe, Safari, Wildlife, Unique landscape, Unique biome, Glamping, Eco Lodge, Bucket List, Authentic, Exclusive","León, Elefante, Jirafa, Safari, Vida salvaje, Paisaje único, Bioma único, Glamping, Eco lodge, Lista de deseos, Auténtico, Exclusivo","Lion, Éléphant, Girafe, Safari, Faune sauvage, Paysage unique, Biome unique, Glamping, Éco-lodge, À faire absolument, Authentique, Exclusif","सिंह, हाथी, जिराफ़, सफारी, वन्यजीव, अनोखा परिदृश्य, अनोखा जैव क्षेत्र, ग्लैम्पिंग, इको लॉज, अवश्य देखें, प्रामाणिक, विशिष्ट","狮子, 大象, 长颈鹿, 野生动物园, 野生动物, 独特景观, 独特生物群系, 豪华露营, 生态旅馆, 必去, 原生态, 独特","أسد, فيل, زرافة, سفاري, الحياة البرية, منظر فريد, نظام بيئي فريد, تخييم فاخر, نزل بيئي, قائمة الأمنيات, أصيل, حصري","Лев, Слон, Жираф, Сафари, Дикая природа, Уникальный пейзаж, Уникальный биом, Глэмпинг, Эко-лодж, Обязательно посетить, Аутентичный, Эксклюзивный"
okavango-bwa,Okavango Delta,Botswana,North-West District,-19.0,22.5,safari,10,elephant|lion|giraffe,safari|wildlife|unique_biome|unique_landscape,eco_lodge|glamping,exclusive|bucket_list|sustainable|luxury,May|Jun|Jul|Aug|Sep|Oct,"Elefante, Leão, Girafa, Safári, Vida selvagem, Bioma único, Paisagem única, Eco lodge, Glamping, Exclusivo, Imperdível, Sustentável, Luxo","Elephant, Lion, Giraffe, Safari, Wildlife, Unique biome, Unique landscape, Eco Lodge, Glamping, Exclusive, Bucket List, Sustainable, Luxury","Elefante, León, Jirafa, Safari, Vida salvaje, Bioma único, Paisaje único, Eco lodge, Glamping, Exclusivo, Lista de deseos, Sostenible, Lujo","Éléphant, Lion, Girafe, Safari, Faune sauvage, Biome unique, Paysage unique, Éco-lodge, Glamping, Exclusif, À faire absolument, Durable, Luxe","हाथी, सिंह, जिराफ़, सफारी, वन्यजीव, अनोखा जैव क्षेत्र, अनोखा परिदृश्य, इको लॉज, ग्लैम्पिंग, विशिष्ट, अवश्य देखें, टिकाऊ, विलासिता","大象, 狮子, 长颈鹿, 野生动物园, 野生动物, 独特生物群系, 独特景观, 生态旅馆, 豪华露营, 独特, 必去, 可持续, 奢华","فيل, أسد, زرافة, سفاري, الحياة البرية, نظام بيئي فريد, منظر فريد, نزل بيئي, تخييم فاخر, حصري, قائمة الأمنيات, مستدام, فاخر","Слон, Лев, Жираф, Сафари, Дикая природа, Уникальный биом, Уникальный пейзаж, Эко-лодж, Глэмпинг, Эксклюзивный, Обязательно посетить, Экологичный, Люкс"
bwindi-uga,Bwindi Impenetrable Forest,Uganda,Kanungu District,-1.05,29.6833,forest,10,gorilla,wildlife|trekking|rainforest|unique_biome,eco_lodge,bucket_list|exclusive|authentic|sustainable,Jun|Jul|Aug|Sep|Dec|Jan|Feb,"Gorila, Vida selvagem, Trekking, Floresta tropical, Bioma único, Eco lodge, Imperdível, Exclusivo, Autêntico, Sustentável","Gorilla, Wildlife, Trekking, Rainforest, Unique biome, Eco Lodge, Bucket List, Exclusive, Authentic, Sustainable","Gorila, Vida salvaje, Senderismo, Selva tropical, Bioma único, Eco lodge, Lista de deseos, Exclusivo, Auténtico, Sostenible","Gorille, Faune sauvage, Randonnée, Forêt tropicale, Biome unique, Éco-lodge, À faire absolument, Exclusif, Authentique, Durable","गोरिल्ला, वन्यजीव, ट्रेकिंग, वर्षावन, अनोखा जैव क्षेत्र, इको लॉज, अवश्य देखें, विशिष्ट, प्रामाणिक, टिकाऊ","大猩猩, 野生动物, 徒步旅行, 热带雨林, 独特生物群系, 生态旅馆, 必去, 独特, 原生态, 可持续","غوريلا, الحياة البرية, المشي لمسافات طويلة, غابة مطيرة, نظام بيئي فريد, نزل بيئي, قائمة الأمنيات, حصري, أصيل, مستدام","Горилла, Дикая природа, Треккинг, Тропический лес, Уникальный биом, Эко-лодж, Обязательно посетить, Эксклюзивный, Аутентичный, Экологичный"
borneo-mys,Borneo Rainforest,Malaysia,Sabah / Sarawak,4.5,117.0,forest,9,orangutan|elephant,wildlife|rainforest|trekking|unique_biome,eco_lodge|treehouse,off_beaten_path|authentic|sustainable|adventure,Mar|Apr|May|Sep|Oct,"Orangotango, Elefante, Vida selvagem, Floresta tropical, Trekking, Bioma único, Eco lodge, Casa na árvore, Fora do radar, Autêntico, Sustentável, Aventura","Orangutan, Elephant, Wildlife, Rainforest, Trekking, Unique biome, Eco Lodge, Treehouse, Off the beaten path, Authentic, Sustainable, Adventure","Orangután, Elefante, Vida salvaje, Selva tropical, Senderismo, Bioma único, Eco lodge, Casa del árbol, Poco turístico, Auténtico, Sostenible, Aventura","Orang-outan, Éléphant, Faune sauvage, Forêt tropicale, Randonnée, Biome unique, Éco-lodge, Cabane dans les arbres, Hors des sentiers battus, Authentique, Durable, Aventure","ओरांगुटान, हाथी, वन्यजीव, वर्षावन, ट्रेकिंग, अनोखा जैव क्षेत्र, इको लॉज, पेड़ पर घर, कम भीड़, प्रामाणिक, टिकाऊ, साहसिक","红毛猩猩, 大象, 野生动物, 热带雨林, 徒步旅行, 独特生物群系, 生态旅馆, 树屋, 小众目的地, 原生态, 可持续, 冒险","إنسان الغاب, فيل, الحياة البرية, غابة مطيرة, المشي لمسافات طويلة, نظام بيئي فريد, نزل بيئي, بيت شجرة, خارج المسار, أصيل, مستدام, مغامرة","Орангутан, Слон, Дикая природа, Тропический лес, Треккинг, Уникальный биом, Эко-лодж, Дом на дереве, Вне туристических троп, Аутентичный, Экологичный, Приключение"
atacama-chl,Atacama Desert,Chile,Antofagasta,-23.8634,-67.5232,desert,10,,stargazing|desert|unique_landscape|volcano|hot_springs|eclipse,glamping|eco_lodge,bucket_list|exclusive|remote|adventure,Mar|Apr|May|Sep|Oct|Nov,"Observação de estrelas, Deserto, Paisagem única, Vulcão, Águas termais, Eclipse, Glamping, Eco lodge, Imperdível, Exclusivo, Remoto, Aventura","Stargazing, Desert, Unique landscape, Volcano, Hot Springs, Eclipse, Glamping, Eco Lodge, Bucket List, Exclusive, Remote, Adventure","Observación de estrellas, Desierto, Paisaje único, Volcán, Aguas termales, Eclipse, Glamping, Eco lodge, Lista de deseos, Exclusivo, Remoto, Aventura","Observation des étoiles, Désert, Paysage unique, Volcan, Sources chaudes, Éclipse, Glamping, Éco-lodge, À faire absolument, Exclusif, Isolé, Aventure","तारे देखना, रेगिस्तान, अनोखा परिदृश्य, ज्वालामुखी, गर्म पानी के झरने, ग्रहण, ग्लैम्पिंग, इको लॉज, अवश्य देखें, विशिष्ट, दूरस्थ, साहसिक","观星, 沙漠, 独特景观, 火山, 温泉, 日食月食, 豪华露营, 生态旅馆, 必去, 独特, 偏远, 冒险","مراقبة النجوم, صحراء, منظر فريد, بركان, ينابيع حارة, كسوف, تخييم فاخر, نزل بيئي, قائمة الأمنيات, حصري, نائي, مغامرة","Наблюдение за звёздами, Пустыня, Уникальный пейзаж, Вулкан, Горячие источники, Затмение, Глэмпинг, Эко-лодж, Обязательно посетить, Эксклюзивный, Отдалённый, Приключение"
salar-uyuni-bol,Salar de Uyuni,Bolivia,Potosi,-20.1338,-67.4891,desert,10,,unique_landscape|desert|stargazing,eco_lodge,bucket_list|value_for_money|adventure|hidden_gem,May|Jun|Jul|Aug|Sep|Oct|Nov,"Paisagem única, Deserto, Observação de estrelas, Eco lodge, Imperdível, Custo-benefício, Aventura, Joia escondida","Unique landscape, Desert, Stargazing, Eco Lodge, Bucket List, Value for money, Adventure, Hidden Gem","Paisaje único, Desierto, Observación de estrellas, Eco lodge, Lista de deseos, Buena relación precio, Aventura, Joya oculta","Paysage unique, Désert, Observation des étoiles, Éco-lodge, À faire absolument, Bon rapport qualité-prix, Aventure, Perle cachée","अनोखा परिदृश्य, रेगिस्तान, तारे देखना, इको लॉज, अवश्य देखें, मूल्य-लाभ, साहसिक, छिपा हुआ रत्न","独特景观, 沙漠, 观星, 生态旅馆, 必去, 性价比, 冒险, 隐藏的宝石","منظر فريد, صحراء, مراقبة النجوم, نزل بيئي, قائمة الأمنيات, قيمة مقابل السعر, مغامرة, جوهرة مخفية","Уникальный пейзаж, Пустыня, Наблюдение за звёздами, Эко-лодж, Обязательно посетить, Цена-качество, Приключение, Скрытая жемчужина"
svalbard-nor,Svalbard,Norway,Arctic,78.2253,15.6267,arctic,10,polar_bear|whale,wildlife|aurora_borealis|glacier|unique_landscape,ice_hotel|eco_lodge,bucket_list|exclusive|remote|adventure,Feb|Mar|Apr|Sep|Oct|Nov,"Urso polar, Baleia, Vida selvagem, Geleira, Paisagem única, Hotel de gelo, Eco lodge, Imperdível, Exclusivo, Remoto, Aventura","Polar Bear, Whale, Wildlife, Glacier, Unique landscape, Ice Hotel, Eco Lodge, Bucket List, Exclusive, Remote, Adventure","Oso polar, Ballena, Vida salvaje, Glaciar, Paisaje único, Hotel de hielo, Eco lodge, Lista de deseos, Exclusivo, Remoto, Aventura","Ours polaire, Baleine, Faune sauvage, Glacier, Paysage unique, Hôtel de glace, Éco-lodge, À faire absolument, Exclusif, Isolé, Aventure","ध्रुवीय भालू, व्हेल, वन्यजीव, ग्लेशियर, अनोखा परिदृश्य, बर्फ़ का होटल, इको लॉज, अवश्य देखें, विशिष्ट, दूरस्थ, साहसिक","北极熊, 鲸鱼, 野生动物, 冰川, 独特景观, 冰酒店, 生态旅馆, 必去, 独特, 偏远, 冒险","دب قطبي, حوت, الحياة البرية, نهر جليدي, منظر فريد, فندق جليدي, نزل بيئي, قائمة الأمنيات, حصري, نائي, مغامرة","Белый медведь, Кит, Дикая природа, Ледник, Уникальный пейзаж, Ледяной отель, Эко-лодж, Обязательно посетить, Эксклюзивный, Отдалённый, Приключение"
tromso-nor,Tromso,Norway,Troms og Finnmark,69.6496,18.956,arctic,8,whale,aurora_borealis|wildlife|fjord|unique_landscape,ice_hotel|glamping,bucket_list|exclusive|adventure,Sep|Oct|Nov|Dec|Jan|Feb|Mar,"Baleia, Vida selvagem, Fiorde, Paisagem única, Hotel de gelo, Glamping, Imperdível, Exclusivo, Aventura","Whale, Wildlife, Fjord, Unique landscape, Ice Hotel, Glamping, Bucket List, Exclusive, Adventure","Ballena, Vida salvaje, Fiordo, Paisaje único, Hotel de hielo, Glamping, Lista de deseos, Exclusivo, Aventura","Baleine, Faune sauvage, Fjord, Paysage unique, Hôtel de glace, Glamping, À faire absolument, Exclusif, Aventure","व्हेल, वन्यजीव, फ़्योर्ड, अनोखा परिदृश्य, बर्फ़ का होटल, ग्लैम्पिंग, अवश्य देखें, विशिष्ट, साहसिक","鲸鱼, 野生动物, 峡湾, 独特景观, 冰酒店, 豪华露营, 必去, 独特, 冒险","حوت, الحياة البرية, مضيق بحري, منظر فريد, فندق جليدي, تخييم فاخر, قائمة الأمنيات, حصري, مغامرة","Кит, Дикая природа, Фьорд, Уникальный пейзаж, Ледяной отель, Глэмпинг, Обязательно посетить, Эксклюзивный, Приключение"
iceland-ring,Iceland Ring Road,Iceland,Nationwide,64.9631,-19.0208,mixed,9,whale|penguin,aurora_borealis|glacier|volcano|hot_springs|waterfall|unique_landscape,glamping|eco_lodge,bucket_list|adventure|authentic,Sep|Oct|Nov|Feb|Mar|Jun|Jul|Aug,"Baleia, Pinguim, Geleira, Vulcão, Águas termais, Cachoeira, Paisagem única, Glamping, Eco lodge, Imperdível, Aventura, Autêntico","Whale, Penguin, Glacier, Volcano, Hot Springs, Waterfall, Unique landscape, Glamping, Eco Lodge, Bucket List, Adventure, Authentic","Ballena, Pingüino, Glaciar, Volcán, Aguas termales, Cascada, Paisaje único, Glamping, Eco lodge, Lista de deseos, Aventura, Auténtico","Baleine, Pingouin, Glacier, Volcan, Sources chaudes, Cascade, Paysage unique, Glamping, Éco-lodge, À faire absolument, Aventure, Authentique","व्हेल, पेंगुइन, ग्लेशियर, ज्वालामुखी, गर्म पानी के झरने, झरना, अनोखा परिदृश्य, ग्लैम्पिंग, इको लॉज, अवश्य देखें, साहसिक, प्रामाणिक","鲸鱼, 企鹅, 冰川, 火山, 温泉, 瀑布, 独特景观, 豪华露营, 生态旅馆, 必去, 冒险, 原生态","حوت, بطريق, نهر جليدي, بركان, ينابيع حارة, شلال, منظر فريد, تخييم فاخر, نزل بيئي, قائمة الأمنيات, مغامرة, أصيل","Кит, Пингвин, Ледник, Вулкан, Горячие источники, Водопад, Уникальный пейзаж, Глэмпинг, Эко-лодж, Обязательно посетить, Приключение, Аутентичный"
patagonia-arg,Patagonia (El Chalten),Argentina,Santa Cruz,-49.3314,-72.8867,mountain,9,,glacier|trekking|mountain_climbing|unique_landscape,mountain_lodge|glamping,bucket_list|adventure|authentic|value_for_money,Nov|Dec|Jan|Feb|Mar,"Geleira, Trekking, Alpinismo, Paisagem única, Chalé de montanha, Glamping, Imperdível, Aventura, Autêntico, Custo-benefício","Glacier, Trekking, Mountain Climbing, Unique landscape, Mountain Lodge, Glamping, Bucket List, Adventure, Authentic, Value for money","Glaciar, Senderismo, Alpinismo, Paisaje único, Cabaña de montaña, Glamping, Lista de deseos, Aventura, Auténtico, Buena relación precio","Glacier, Randonnée, Alpinisme, Paysage unique, Chalet de montagne, Glamping, À faire absolument, Aventure, Authentique, Bon rapport qualité-prix","ग्लेशियर, ट्रेकिंग, पर्वतारोहण, अनोखा परिदृश्य, पर्वत लॉज, ग्लैम्पिंग, अवश्य देखें, साहसिक, प्रामाणिक, मूल्य-लाभ","冰川, 徒步旅行, 登山, 独特景观, 山间小屋, 豪华露营, 必去, 冒险, 原生态, 性价比","نهر جليدي, المشي لمسافات طويلة, تسلق الجبال, منظر فريد, نزل جبلي, تخييم فاخر, قائمة الأمنيات, مغامرة, أصيل, قيمة مقابل السعر","Ледник, Треккинг, Альпинизм, Уникальный пейзаж, Горный домик, Глэмпинг, Обязательно посетить, Приключение, Аутентичный, Цена-качество"
torres-paine-chl,Torres del Paine,Chile,Magallanes,-51.0,-73.0,mountain,9,,glacier|trekking|unique_landscape|wildlife,mountain_lodge|glamping|eco_lodge,bucket_list|adventure|sustainable,Oct|Nov|Dec|Jan|Feb|Mar|Apr,"Geleira, Trekking, Paisagem única, Vida selvagem, Chalé de montanha, Glamping, Eco lodge, Imperdível, Aventura, Sustentável","Glacier, Trekking, Unique landscape, Wildlife, Mountain Lodge, Glamping, Eco Lodge, Bucket List, Adventure, Sustainable","Glaciar, Senderismo, Paisaje único, Vida salvaje, Cabaña de montaña, Glamping, Eco lodge, Lista de deseos, Aventura, Sostenible","Glacier, Randonnée, Paysage unique, Faune sauvage, Chalet de montagne, Glamping, Éco-lodge, À faire absolument, Aventure, Durable","ग्लेशियर, ट्रेकिंग, अनोखा परिदृश्य, वन्यजीव, पर्वत लॉज, ग्लैम्पिंग, इको लॉज, अवश्य देखें, साहसिक, टिकाऊ","冰川, 徒步旅行, 独特景观, 野生动物, 山间小屋, 豪华露营, 生态旅馆, 必去, 冒险, 可持续","نهر جليدي, المشي لمسافات طويلة, منظر فريد, الحياة البرية, نزل جبلي, تخييم فاخر, نزل بيئي, قائمة الأمنيات, مغامرة, مستدام","Ледник, Треккинг, Уникальный пейзаж, Дикая природа, Горный домик, Глэмпинг, Эко-лодж, Обязательно посетить, Приключение, Экологичный"
cappadocia-tur,Cappadocia,Turkey,Nevsehir,38.6431,34.8287,desert,8,,unique_landscape|hot_springs,cave_hotel,bucket_list|authentic|value_for_money|hidden_gem,Apr|May|Jun|Sep|Oct,"Paisagem única, Águas termais, Hotel caverna, Imperdível, Autêntico, Custo-benefício, Joia escondida","Unique landscape, Hot Springs, Cave Hotel, Bucket List, Authentic, Value for money, Hidden Gem","Paisaje único, Aguas termales, Hotel cueva, Lista de deseos, Auténtico, Buena relación precio, Joya oculta","Paysage unique, Sources chaudes, Hôtel troglodyte, À faire absolument, Authentique, Bon rapport qualité-prix, Perle cachée","अनोखा परिदृश्य, गर्म पानी के झरने, गुफा होटल, अवश्य देखें, प्रामाणिक, मूल्य-लाभ, छिपा हुआ रत्न","独特景观, 温泉, 洞穴酒店, 必去, 原生态, 性价比, 隐藏的宝石","منظر فريد, ينابيع حارة, فندق كهف, قائمة الأمنيات, أصيل, قيمة مقابل السعر, جوهرة مخفية","Уникальный пейзаж, Горячие источники, Пещерный отель, Обязательно посетить, Аутентичный, Цена-качество, Скрытая жемчужина"
scottish-highlands-gbr,Scottish Highlands,United Kingdom,Scotland,57.0,-5.0,mountain,7,,unique_landscape|trekking,castle|mountain_lodge,authentic|off_beaten_path|adventure,May|Jun|Jul|Aug|Sep,"Paisagem única, Trekking, Castelo, Chalé de montanha, Autêntico, Fora do radar, Aventura","Unique landscape, Trekking, Castle, Mountain Lodge, Authentic, Off the beaten path, Adventure","Paisaje único, Senderismo, Castillo, Cabaña de montaña, Auténtico, Poco turístico, Aventura","Paysage unique, Randonnée, Château, Chalet de montagne, Authentique, Hors des sentiers battus, Aventure","अनोखा परिदृश्य, ट्रेकिंग, महल, पर्वत लॉज, प्रामाणिक, कम भीड़, साहसिक","独特景观, 徒步旅行, 城堡, 山间小屋, 原生态, 小众目的地, 冒险","منظر فريد, المشي لمسافات طويلة, قلعة, نزل جبلي, أصيل, خارج المسار, مغامرة","Уникальный пейзаж, Треккинг, Замок, Горный домик, Аутентичный, Вне туристических троп, Приключение"
maldives-mdv,Maldives,Maldives,Indian Ocean,3.2028,73.2207,island,8,whale_shark|manta_ray|sea_turtle|dolphin,scuba_diving|snorkeling|coral_reef|bioluminescence,overwater_bungalow|eco_lodge,luxury|exclusive|bucket_list,Nov|Dec|Jan|Feb|Mar|Apr,"Tubarão-baleia, Arraia-manta, Tartaruga marinha, Golfinho, Mergulho, Snorkel, Recife de coral, Bioluminescência, Bangalô sobre água, Eco lodge, Luxo, Exclusivo, Imperdível","Whale Shark, Manta Ray, Sea Turtle, Dolphin, Scuba Diving, Snorkeling, Coral Reef, Bioluminescence, Overwater Bungalow, Eco Lodge, Luxury, Exclusive, Bucket List","Tiburón ballena, Manta, Tortuga marina, Delfín, Buceo, Snorkel, Arrecife de coral, Bioluminiscencia, Bungalow sobre el agua, Eco lodge, Lujo, Exclusivo, Lista de deseos","Requin-baleine, Raie manta, Tortue de mer, Dauphin, Plongée, Snorkeling, Récif corallien, Bioluminescence, Bungalow sur pilotis, Éco-lodge, Luxe, Exclusif, À faire absolument","व्हेल शार्क, मंटा रे, समुद्री कछुआ, डॉल्फ़िन, स्कूबा डाइविंग, स्नॉर्कलिंग, मूंगे की चट्टान, जैव प्रकाश, पानी पर बंगला, इको लॉज, विलासिता, विशिष्ट, अवश्य देखें","鲸鲨, 蝠鲼, 海龟, 海豚, 潜水, 浮潜, 珊瑚礁, 生物发光, 水上屋, 生态旅馆, 奢华, 独特, 必去","قرش الحوت, مانتا راي, سلحفاة بحرية, دلفين, غوص, غطس سطحي, شعاب مرجانية, تلألؤ بيولوجي, بنغل فوق الماء, نزل بيئي, فاخر, حصري, قائمة الأمنيات","Китовая акула, Манта, Морская черепаха, Дельфин, Дайвинг, Снорклинг, Коралловый риф, Биолюминесценция, Бунгало над водой, Эко-лодж, Люкс, Эксклюзивный, Обязательно посетить"
vieques-pri,Vieques Bioluminescent Bay,Puerto Rico,Vieques Island,18.0953,-65.4475,island,9,sea_turtle,bioluminescence|snorkeling|wildlife,eco_lodge,hidden_gem|bucket_list|authentic,Jan|Feb|Mar|Apr|May|Aug|Sep|Oct|Nov|Dec,"Tartaruga marinha, Bioluminescência, Snorkel, Vida selvagem, Eco lodge, Joia escondida, Imperdível, Autêntico","Sea Turtle, Bioluminescence, Snorkeling, Wildlife, Eco Lodge, Hidden Gem, Bucket List, Authentic","Tortuga marina, Bioluminiscencia, Snorkel, Vida salvaje, Eco lodge, Joya oculta, Lista de deseos, Auténtico","Tortue de mer, Bioluminescence, Snorkeling, Faune sauvage, Éco-lodge, Perle cachée, À faire absolument, Authentique","समुद्री कछुआ, जैव प्रकाश, स्नॉर्कलिंग, वन्यजीव, इको लॉज, छिपा हुआ रत्न, अवश्य देखें, प्रामाणिक","海龟, 生物发光, 浮潜, 野生动物, 生态旅馆, 隐藏的宝石, 必去, 原生态","سلحفاة بحرية, تلألؤ بيولوجي, غطس سطحي, الحياة البرية, نزل بيئي, جوهرة مخفية, قائمة الأمنيات, أصيل","Морская черепаха, Биолюминесценция, Снорклинг, Дикая природа, Эко-лодж, Скрытая жемчужина, Обязательно посетить, Аутентичный"
halong-bay-vnm,Ha Long Bay,Vietnam,Quang Ninh,20.9101,107.1839,island,8,dolphin,unique_landscape|snorkeling|bioluminescence,eco_lodge,bucket_list|value_for_money|authentic,Mar|Apr|May|Sep|Oct|Nov,"Golfinho, Paisagem única, Snorkel, Bioluminescência, Eco lodge, Imperdível, Custo-benefício, Autêntico","Dolphin, Unique landscape, Snorkeling, Bioluminescence, Eco Lodge, Bucket List, Value for money, Authentic","Delfín, Paisaje único, Snorkel, Bioluminiscencia, Eco lodge, Lista de deseos, Buena relación precio, Auténtico","Dauphin, Paysage unique, Snorkeling, Bioluminescence, Éco-lodge, À faire absolument, Bon rapport qualité-prix, Authentique","डॉल्फ़िन, अनोखा परिदृश्य, स्नॉर्कलिंग, जैव प्रकाश, इको लॉज, अवश्य देखें, मूल्य-लाभ, प्रामाणिक","海豚, 独特景观, 浮潜, 生物发光, 生态旅馆, 必去, 性价比, 原生态","دلفين, منظر فريد, غطس سطحي, تلألؤ بيولوجي, نزل بيئي, قائمة الأمنيات, قيمة مقابل السعر, أصيل","Дельфин, Уникальный пейзаж, Снорклинг, Биолюминесценция, Эко-лодж, Обязательно посетить, Цена-качество, Аутентичный"
milford-sound-nzl,Milford Sound,New Zealand,Fiordland,-44.6414,167.8971,fjord,9,dolphin|penguin|sea_turtle,fjord|waterfall|wildlife|unique_landscape|rainforest,eco_lodge,bucket_list|adventure|authentic,Nov|Dec|Jan|Feb|Mar|Apr,"Golfinho, Pinguim, Tartaruga marinha, Fiorde, Cachoeira, Vida selvagem, Paisagem única, Floresta tropical, Eco lodge, Imperdível, Aventura, Autêntico","Dolphin, Penguin, Sea Turtle, Fjord, Waterfall, Wildlife, Unique landscape, Rainforest, Eco Lodge, Bucket List, Adventure, Authentic","Delfín, Pingüino, Tortuga marina, Fiordo, Cascada, Vida salvaje, Paisaje único, Selva tropical, Eco lodge, Lista de deseos, Aventura, Auténtico","Dauphin, Pingouin, Tortue de mer, Fjord, Cascade, Faune sauvage, Paysage unique, Forêt tropicale, Éco-lodge, À faire absolument, Aventure, Authentique","डॉल्फ़िन, पेंगुइन, समुद्री कछुआ, फ़्योर्ड, झरना, वन्यजीव, अनोखा परिदृश्य, वर्षावन, इको लॉज, अवश्य देखें, साहसिक, प्रामाणिक","海豚, 企鹅, 海龟, 峡湾, 瀑布, 野生动物, 独特景观, 热带雨林, 生态旅馆, 必去, 冒险, 原生态","دلفين, بطريق, سلحفاة بحرية, مضيق بحري, شلال, الحياة البرية, منظر فريد, غابة مطيرة, نزل بيئي, قائمة الأمنيات, مغامرة, أصيل","Дельфин, Пингвин, Морская черепаха, Фьорд, Водопад, Дикая природа, Уникальный пейзаж, Тропический лес, Эко-лодж, Обязательно посетить, Приключение, Аутентичный"
iguazu-arg,Iguazu Falls,Argentina/Brazil,Misiones / Parana,-25.6953,-54.4367,forest,9,,waterfall|rainforest|wildlife|unique_landscape,eco_lodge,bucket_list|value_for_money|adventure,Mar|Apr|May|Aug|Sep|Oct|Nov,"Cachoeira, Floresta tropical, Vida selvagem, Paisagem única, Eco lodge, Imperdível, Custo-benefício, Aventura","Waterfall, Rainforest, Wildlife, Unique landscape, Eco Lodge, Bucket List, Value for money, Adventure","Cascada, Selva tropical, Vida salvaje, Paisaje único, Eco lodge, Lista de deseos, Buena relación precio, Aventura","Cascade, Forêt tropicale, Faune sauvage, Paysage unique, Éco-lodge, À faire absolument, Bon rapport qualité-prix, Aventure","झरना, वर्षावन, वन्यजीव, अनोखा परिदृश्य, इको लॉज, अवश्य देखें, मूल्य-लाभ, साहसिक","瀑布, 热带雨林, 野生动物, 独特景观, 生态旅馆, 必去, 性价比, 冒险","شلال, غابة مطيرة, الحياة البرية, منظر فريد, نزل بيئي, قائمة الأمنيات, قيمة مقابل السعر, مغامرة","Водопад, Тропический лес, Дикая природа, Уникальный пейзаж, Эко-лодж, Обязательно посетить, Цена-качество, Приключение"
victoria-falls-zmb,Victoria Falls,Zambia/Zimbabwe,Livingstone / Vic Falls,-17.9243,25.8572,forest,9,elephant,waterfall|safari|wildlife|unique_landscape,eco_lodge|glamping,bucket_list|adventure|authentic,Feb|Mar|Apr|May|Jun|Jul,"Elefante, Cachoeira, Safári, Vida selvagem, Paisagem única, Eco lodge, Glamping, Imperdível, Aventura, Autêntico","Elephant, Waterfall, Safari, Wildlife, Unique landscape, Eco Lodge, Glamping, Bucket List, Adventure, Authentic","Elefante, Cascada, Safari, Vida salvaje, Paisaje único, Eco lodge, Glamping, Lista de deseos, Aventura, Auténtico","Éléphant, Cascade, Safari, Faune sauvage, Paysage unique, Éco-lodge, Glamping, À faire absolument, Aventure, Authentique","हाथी, झरना, सफारी, वन्यजीव, अनोखा परिदृश्य, इको लॉज, ग्लैम्पिंग, अवश्य देखें, साहसिक, प्रामाणिक","大象, 瀑布, 野生动物园, 野生动物, 独特景观, 生态旅馆, 豪华露营, 必去, 冒险, 原生态","فيل, شلال, سفاري, الحياة البرية, منظر فريد, نزل بيئي, تخييم فاخر, قائمة الأمنيات, مغامرة, أصيل","Слон, Водопад, Сафари, Дикая природа, Уникальный пейзаж, Эко-лодж, Глэмпинг, Обязательно посетить, Приключение, Аутентичный"
kamchatka-rus,Kamchatka Peninsula,Russia,Far East,53.0,158.0,volcanic,10,polar_bear|whale,volcano|hot_springs|wildlife|unique_landscape|glacier,eco_lodge|glamping,exclusive|remote|adventure|hidden_gem|bucket_list,Jun|Jul|Aug|Sep,"Urso polar, Baleia, Vulcão, Águas termais, Vida selvagem, Paisagem única, Geleira, Eco lodge, Glamping, Exclusivo, Remoto, Aventura, Joia escondida, Imperdível","Polar Bear, Whale, Volcano, Hot Springs, Wildlife, Unique landscape, Glacier, Eco Lodge, Glamping, Exclusive, Remote, Adventure, Hidden Gem, Bucket List","Oso polar, Ballena, Volcán, Aguas termales, Vida salvaje, Paisaje único, Glaciar, Eco lodge, Glamping, Exclusivo, Remoto, Aventura, Joya oculta, Lista de deseos","Ours polaire, Baleine, Volcan, Sources chaudes, Faune sauvage, Paysage unique, Glacier, Éco-lodge, Glamping, Exclusif, Isolé, Aventure, Perle cachée, À faire absolument","ध्रुवीय भालू, व्हेल, ज्वालामुखी, गर्म पानी के झरने, वन्यजीव, अनोखा परिदृश्य, ग्लेशियर, इको लॉज, ग्लैम्पिंग, विशिष्ट, दूरस्थ, साहसिक, छिपा हुआ रत्न, अवश्य देखें","北极熊, 鲸鱼, 火山, 温泉, 野生动物, 独特景观, 冰川, 生态旅馆, 豪华露营, 独特, 偏远, 冒险, 隐藏的宝石, 必去","دب قطبي, حوت, بركان, ينابيع حارة, الحياة البرية, منظر فريد, نهر جليدي, نزل بيئي, تخييم فاخر, حصري, نائي, مغامرة, جوهرة مخفية, قائمة الأمنيات","Белый медведь, Кит, Вулкан, Горячие источники, Дикая природа, Уникальный пейзаж, Ледник, Эко-лодж, Глэмпинг, Эксклюзивный, Отдалённый, Приключение, Скрытая жемчужина, Обязательно посетить"
azores-prt,Azores Islands,Portugal,Atlantic Ocean,37.7833,-25.5,island,8,whale|dolphin,volcano|hot_springs|wildlife|unique_landscape|scuba_diving,eco_lodge,hidden_gem|value_for_money|authentic|sustainable,May|Jun|Jul|Aug|Sep|Oct,"Baleia, Golfinho, Vulcão, Águas termais, Vida selvagem, Paisagem única, Mergulho, Eco lodge, Joia escondida, Custo-benefício, Autêntico, Sustentável","Whale, Dolphin, Volcano, Hot Springs, Wildlife, Unique landscape, Scuba Diving, Eco Lodge, Hidden Gem, Value for money, Authentic, Sustainable","Ballena, Delfín, Volcán, Aguas termales, Vida salvaje, Paisaje único, Buceo, Eco lodge, Joya oculta, Buena relación precio, Auténtico, Sostenible","Baleine, Dauphin, Volcan, Sources chaudes, Faune sauvage, Paysage unique, Plongée, Éco-lodge, Perle cachée, Bon rapport qualité-prix, Authentique, Durable","व्हेल, डॉल्फ़िन, ज्वालामुखी, गर्म पानी के झरने, वन्यजीव, अनोखा परिदृश्य, स्कूबा डाइविंग, इको लॉज, छिपा हुआ रत्न, मूल्य-लाभ, प्रामाणिक, टिकाऊ","鲸鱼, 海豚, 火山, 温泉, 野生动物, 独特景观, 潜水, 生态旅馆, 隐藏的宝石, 性价比, 原生态, 可持续","حوت, دلفين, بركان, ينابيع حارة, الحياة البرية, منظر فريد, غوص, نزل بيئي, جوهرة مخفية, قيمة مقابل السعر, أصيل, مستدام","Кит, Дельфин, Вулкан, Горячие источники, Дикая природа, Уникальный пейзаж, Дайвинг, Эко-лодж, Скрытая жемчужина, Цена-качество, Аутентичный, Экологичный"
amazon-bra,Amazon Rainforest,Brazil,Amazonas,-3.4653,-62.2159,forest,9,dolphin,rainforest|wildlife|unique_biome,eco_lodge|treehouse,bucket_list|adventure|authentic|sustainable,Jun|Jul|Aug|Sep|Oct|Nov,"Golfinho, Floresta tropical, Vida selvagem, Bioma único, Eco lodge, Casa na árvore, Imperdível, Aventura, Autêntico, Sustentável","Dolphin, Rainforest, Wildlife, Unique biome, Eco Lodge, Treehouse, Bucket List, Adventure, Authentic, Sustainable","Delfín, Selva tropical, Vida salvaje, Bioma único, Eco lodge, Casa del árbol, Lista de deseos, Aventura, Auténtico, Sostenible","Dauphin, Forêt tropicale, Faune sauvage, Biome unique, Éco-lodge, Cabane dans les arbres, À faire absolument, Aventure, Authentique, Durable","डॉल्फ़िन, वर्षावन, वन्यजीव, अनोखा जैव क्षेत्र, इको लॉज, पेड़ पर घर, अवश्य देखें, साहसिक, प्रामाणिक, टिकाऊ","海豚, 热带雨林, 野生动物, 独特生物群系, 生态旅馆, 树屋, 必去, 冒险, 原生态, 可持续","دلفين, غابة مطيرة, الحياة البرية, نظام بيئي فريد, نزل بيئي, بيت شجرة, قائمة الأمنيات, مغامرة, أصيل, مستدام","Дельфин, Тропический лес, Дикая природа, Уникальный биом, Эко-лодж, Дом на дереве, Обязательно посетить, Приключение, Аутентичный, Экологичный"
costa-rica-osa,Osa Peninsula,Costa Rica,Puntarenas,8.5,-83.5,forest,9,whale|dolphin|sea_turtle,rainforest|wildlife|scuba_diving|unique_biome,eco_lodge|treehouse,hidden_gem|sustainable|adventure|authentic,Dec|Jan|Feb|Mar|Apr,"Baleia, Golfinho, Tartaruga marinha, Floresta tropical, Vida selvagem, Mergulho, Bioma único, Eco lodge, Casa na árvore, Joia escondida, Sustentável, Aventura, Autêntico","Whale, Dolphin, Sea Turtle, Rainforest, Wildlife, Scuba Diving, Unique biome, Eco Lodge, Treehouse, Hidden Gem, Sustainable, Adventure, Authentic","Ballena, Delfín, Tortuga marina, Selva tropical, Vida salvaje, Buceo, Bioma único, Eco lodge, Casa del árbol, Joya oculta, Sostenible, Aventura, Auténtico","Baleine, Dauphin, Tortue de mer, Forêt tropicale, Faune sauvage, Plongée, Biome unique, Éco-lodge, Cabane dans les arbres, Perle cachée, Durable, Aventure, Authentique","व्हेल, डॉल्फ़िन, समुद्री कछुआ, वर्षावन, वन्यजीव, स्कूबा डाइविंग, अनोखा जैव क्षेत्र, इको लॉज, पेड़ पर घर, छिपा हुआ रत्न, टिकाऊ, साहसिक, प्रामाणिक","鲸鱼, 海豚, 海龟, 热带雨林, 野生动物, 潜水, 独特生物群系, 生态旅馆, 树屋, 隐藏的宝石, 可持续, 冒险, 原生态","حوت, دلفين, سلحفاة بحرية, غابة مطيرة, الحياة البرية, غوص, نظام بيئي فريد, نزل بيئي, بيت شجرة, جوهرة مخفية, مستدام, مغامرة, أصيل","Кит, Дельфин, Морская черепаха, Тропический лес, Дикая природа, Дайвинг, Уникальный биом, Эко-лодж, Дом на дереве, Скрытая жемчужина, Экологичный, Приключение, Аутентичный"
